<?xml version="1.0" encoding="UTF-8"?>

<!-- Dispatcher Servlet finds the classes in this package : use Annotations -->
<beans xmlns="http://www.springframework.org/schema/beans"
       xmlns:xsi="http://www.w3.org/2001/XMLSchema-instance"
       xmlns:ctx="http://www.springframework.org/schema/context"
       xmlns:p="http://www.springframework.org/schema/p"
       xmlns:mvc="http://www.springframework.org/schema/mvc"
       xsi:schemaLocation="http://www.springframework.org/schema/beans 
                           http://www.springframework.org/schema/beans/spring-beans.xsd
                           http://www.springframework.org/schema/context 
                           http://www.springframework.org/schema/context/spring-context.xsd
                           http://www.springframework.org/schema/mvc
                           http://www.springframework.org/schema/mvc/spring-mvc.xsd">
  
      <ctx:component-scan base-package="com.example" /> <!-- scan this package -->
      <ctx:annotation-config/>
      
      <bean class="org.springframework.web.servlet.view.InternalResourceViewResolver">
      	<property name="prefix" value="/views/"></property>
      	<property name="suffix" value=".jsp"></property>
      </bean>
      
  </beans>