{
  "posts": [
    {
      "id": 1,
      "postProfile":"Java Developer",
      "postDesc":"should be good",
      "reqExperience":5,
      "postTechStack":[
        "Java",
        "Js",
        "Ts"
      ]
    },
    {
      "id": 2,
      "postProfile":"Ts Developer",
      "postDesc":"should be good",
      "reqExperience":5,
      "postTechStack":[
        "Java",
        "Js",
        "Ts"
      ]
    },
    {
      "id": 3,
      "postProfile":"Js Developer",
      "postDesc":"should be good",
      "reqExperience":5,
      "postTechStack":[
        "Java",
        "Js",
        "Ts"
      ]
    }
  ]


}