<?xml version="1.0" encoding="UTF-8"?>
<beans xmlns="http://www.springframework.org/schema/beans"
    xmlns:xsi="http://www.w3.org/2001/XMLSchema-instance"
    xsi:schemaLocation="
        http://www.springframework.org/schema/beans http://www.springframework.org/schema/beans/spring-beans.xsd">

    <!-- bean definitions here -->
    <!-- <bean id="alien1" class="classes.Alien" scope="prototype"></bean> -->
    
    <!--  <bean id="alien1" class="classes.Alien" autowire="byName"> -->
    <!-- autowire="byName" means link those in Alien class (private Computer com;) & that in <bean> below 
    <bean id="com" class="classes.Laptop"></bean>
    -->
    
    <bean id="alien1" class="classes.Alien" autowire="byType"> <!-- do not look for names -->
    
    	<!-- ASSIGNING VALUE WITH THE HELP OF SETTER -->
    	<!-- Laptop Desktop code -->
    	<property name="age" value="23"></property> <!-- here it's assigning value to SETTER not variable -->
    	<!-- <property name="lap" ref="lap1"></property> --> <!-- id of Laptop bean declared below -->
    	
    	<!-- <property name="com" ref="comL"></property>-->  <!-- BOTH com OBJECTS ARE CREATED by default : LAZY INITIALIZATION OF BEAN --> 
    	<!-- common for desktop & laptop but anyone should be there, not both. if commented : autowire in bean 
    	AUTOWIRE works only if we DO NOT mention <property> otherwise it prefers what is in <bean>-->
    	<!-- <property name="com" ref="comD"></property> -->
    	
    	<!-- ASSIGNING VALUE WITH THE HELP OF CONSTRUCTOR :para  : order of parameters : type-->
    	<!-- <constructor-arg type="int" value="26" /> -->
    	<!-- <constructor-arg type="classes.Laptop" ref="lap1" /> -->
    	
    	<!-- <constructor-arg index="0" value="26" /> -->
    	<!-- <constructor-arg index="1" ref="lap1" /> -->
    	
    	<!-- <constructor-arg name="lap" ref="lap1" /> -->
    	<!-- <constructor-arg name="age" value="26" /> -->
    	
    	<!-- INNER BEAN : limiting Laptop bean only for Alien, not for all -->
    	<property name="com">
    		<bean id="comL" class="classes.Laptop" primary="true"></bean>
    		<!-- ALIEN IS OUTER BEAN, LAPTOP IS INNER BEAN -->
    	</property>
    	
    	<!-- create bean below & refer it above, only referred ones are printed  -->
    </bean>
    
   <!-- <bean id="alien2" class="classes.Alien"></bean> --> 
   
    <!--  <bean id="lap1" class="classes.Laptop"></bean>  -->
    <!--  <bean id="lap2" class="classes.Laptop"></bean> -->
    
    <!-- <bean id="com" class="classes.Laptop"></bean> -->
    
    <!-- autowire="byType" -->
    <!-- in Alien class (private Computer com;) type is com, below in <bean> type is Laptop which is Computer type, 
    comment anyone below, if both are there : ambiguity bcoz both are of type Computer, 
    to solve this ambiguity : make primary in bean below, primary works only when there's confusion, not when explicitly mention in property tag-->
    <!-- <bean id="comL" class="classes.Laptop" primary="true"></bean> --> <!-- LIMITING BEAN TO ALIEN -->
    <!--  <bean id="comD" class="classes.Desktop" primary="true"></bean>-->
    
    <!-- lazy-init="true" in order NOT to create Desktop OBJECT by default & will only be CREATED if we explicitly mention in App.java -->
	<!-- <bean id="comD" class="classes.Desktop" lazy-init="true"/> -->
	<!-- lazy-init="true" works only if we don't want to create object, not when explicitly mention in property tag -->

	<bean class="classes.Desktop" lazy-init="true" /> <!-- without specifying id : Desktop objD = context.getBean(Desktop.class); 
	ERROR for Computer.class : so primary is needed-->
</beans>

    

